experiment_name,chameleon_branch,chameleon_revision,starpu_branch,starpu_revision,command
svn_1,trunk,2808,trunk,17204,cmd1
svn_2,trunk,2808,trunk,17200,cmd1
svn_3,trunk,2808,trunk,17186,cmd1
svn_4,trunk,2804,trunk,17168,cmd1
svn_5,trunk,2790,trunk,17008,cmd1
svn_6,trunk,2781,trunk,17004,cmd1
svn_7,trunk,2780,trunk,16997,cmd1
svn_8,trunk,2775,trunk,16989,cmd1
svn_9,trunk,2773,trunk,16952,cmd1
svn_10,trunk,2772,trunk,16944,cmd1
svn_11,trunk,2770,trunk,16921,cmd1
svn_12,trunk,2770,trunk,16920,cmd1
svn_13,trunk,2770,trunk,16916,cmd1
svn_14,trunk,2768,trunk,16901,cmd1
svn_15,trunk,2768,trunk,16899,cmd1
